source,target
adrian duran chavesti,hector benitez perez
alejandro dorantes cruz,alejandro pimentel alarcon
alejandro dorantes cruz,gemma bel enguix
alejandro dorantes cruz,gerardo sierra martinez
alejandro pimentel alarcon,gemma bel enguix
alejandro pimentel alarcon,gerardo sierra martinez
gemma bel enguix,gerardo sierra martinez
alejandro huerta saquero,ernesto perez rueda
alejandro huerta saquero,silvia tenorio salgado
ernesto perez rueda,silvia tenorio salgado
alejandro morales mori,alejandro morales ramirez
alejandro morales mori,alejandro morales ramirez
alejandro morales mori,alejandro morales ramirez
alejandro morales mori,tom froese
alejandro morales ramirez,tom froese
alejandro morales mori,alejandro morales ramirez
alejandro morales mori,alejandro morales ramirez
alejandro morales mori,tom froese
alejandro morales ramirez,tom froese
alejandro morales mori,alejandro morales ramirez
alejandro morales mori,alejandro morales ramirez
alejandro morales mori,alejandro morales ramirez
alejandro morales mori,alejandro morales ramirez
alejandro morales mori,alejandro morales ramirez
alejandro morales mori,alejandro morales ramirez
alejandro morales mori,tom froese
alejandro morales ramirez,tom froese
alejandro pimentel alarcon,claudio molina salinas
alejandro pimentel alarcon,gemma bel enguix
alejandro pimentel alarcon,gerardo sierra martinez
claudio molina salinas,gemma bel enguix
claudio molina salinas,gerardo sierra martinez
gemma bel enguix,gerardo sierra martinez
alejandro pimentel alarcon,gerardo sierra martinez
alejandro pimentel alarcon,claudio molina salinas
alejandro pimentel alarcon,gerardo sierra martinez
claudio molina salinas,gerardo sierra martinez
alejandro pimentel alarcon,azucena montes rendon
alejandro pimentel alarcon,fernanda lopez escobedo
alejandro pimentel alarcon,gerardo sierra martinez
alejandro pimentel alarcon,julian solorzano soto
azucena montes rendon,fernanda lopez escobedo
azucena montes rendon,gerardo sierra martinez
azucena montes rendon,julian solorzano soto
fernanda lopez escobedo,gerardo sierra martinez
fernanda lopez escobedo,julian solorzano soto
gerardo sierra martinez,julian solorzano soto
alejandro pimentel alarcon,azucena montes rendon
alejandro pimentel alarcon,gemma bel enguix
alejandro pimentel alarcon,gerardo eugenio sierra martinez
azucena montes rendon,gemma bel enguix
azucena montes rendon,gerardo eugenio sierra martinez
gemma bel enguix,gerardo eugenio sierra martinez
alfonso gastelum strozzi,fernando castillo flores
alfonso gastelum strozzi,jesus zarco navarro
alfonso gastelum strozzi,maria del pilar angeles
fernando castillo flores,jesus zarco navarro
fernando castillo flores,maria del pilar angeles
jesus zarco navarro,maria del pilar angeles
alfonso gastelum strozzi,ernesto bribiesca correa
alfonso gastelum strozzi,fernando alvarez barrios
alfonso gastelum strozzi,maria julieta mateos
ernesto bribiesca correa,fernando alvarez barrios
ernesto bribiesca correa,maria julieta mateos
fernando alvarez barrios,maria julieta mateos
alfonso gastelum strozzi,jorge alberto marquez flores
alfonso gastelum strozzi,maria julieta mateos
alfonso medina urrea,carlos francisco mendez cruz
alfonso medina urrea,gerardo sierra martinez
carlos francisco mendez cruz,gerardo sierra martinez
alfonso medina urrea,gerardo sierra martinez
alicia montserrat alvarado gonzalez,edgar garduno angeles
alicia montserrat alvarado gonzalez,ernesto bribiesca correa
edgar garduno angeles,ernesto bribiesca correa
alicia montserrat alvarado gonzalez,edgar garduno angeles
alicia montserrat alvarado gonzalez,ernesto bribiesca correa
edgar garduno angeles,ernesto bribiesca correa
alicia montserrat alvarado gonzalez,edgar garduno angeles
alicia montserrat alvarado gonzalez,ernesto bribiesca correa
edgar garduno angeles,ernesto bribiesca correa
alonso palomino garibay,jonathan gallegos acosta
ana lilia laureano cruces,martha mora torres
ana ruiz linares,christopher rhodes stephens
ana ruiz linares,hugo flores huerta
christopher rhodes stephens,hugo flores huerta
ana ruiz linares,christopher rhodes stephens
ana ruiz linares,hugo flores huerta
christopher rhodes stephens,hugo flores huerta
andres alvarez cid,hector benitez perez
andres burbano abril,raul aquino santos
andres burbano abril,victor rangel licea
raul aquino santos,victor rangel licea
andrew adamatzky,genaro juarez martinez
andrew adamatzky,genaro juarez martinez
andrew adamatzky,genaro juarez martinez
andrew adamatzky,genaro juarez martinez
andrew adamatzky,genaro juarez martinez
andrew adamatzky,genaro juarez martinez
andrew adamatzky,genaro juarez martinez
andrew adamatzky,genaro juarez martinez
andrew adamatzky,genaro juarez martinez
andrew adamatzky,genaro juarez martinez
andrew adamatzky,genaro juarez martinez
andrew adamatzky,genaro juarez martinez
angel carrillo bermejo,ernesto bribiesca correa
angel carrillo bermejo,graciela bribiesca correa
angel carrillo bermejo,nidiyare hevia montiel
ernesto bribiesca correa,graciela bribiesca correa
ernesto bribiesca correa,nidiyare hevia montiel
graciela bribiesca correa,nidiyare hevia montiel
angel carrillo bermejo,erik molino minero re
angel carrillo bermejo,nidiyare hevia montiel
erik molino minero re,nidiyare hevia montiel
angel carrillo bermejo,ernesto bribiesca correa
angel fernando kuri morales,edwin aldana bobadilla
angel fernando kuri morales,ignacio lopez pena
angel fernando kuri morales,edwin aldana bobadilla
angel fernando kuri morales,ignacio lopez pena
antonio cedillo hernandez,manuel cedillo hernandez
antonio cedillo hernandez,manuel cedillo hernandez
antonio cedillo hernandez,manuel cedillo hernandez
antonio cedillo hernandez,manuel cedillo hernandez
antonio cedillo hernandez,manuel cedillo hernandez
antonio cedillo hernandez,manuel cedillo hernandez
antonio cedillo hernandez,manuel cedillo hernandez
antonio cedillo hernandez,manuel cedillo hernandez
antonio cedillo hernandez,manuel cedillo hernandez
antonio cedillo hernandez,manuel cedillo hernandez
armando castaneda rojano,jose david flores penaloza
armando castaneda rojano,jose david flores penaloza
arturo rodriguez garcia,luis alberto pineda cortes
azucena montes rendon,gerardo sierra martinez
azucena montes rendon,gerardo eugenio sierra martinez
azucena montes rendon,gerardo sierra martinez
azucena montes rendon,christopher rhodes stephens
azucena montes rendon,gerardo eugenio sierra martinez
azucena montes rendon,victor manuel corza vargas
christopher rhodes stephens,gerardo eugenio sierra martinez
christopher rhodes stephens,victor manuel corza vargas
gerardo eugenio sierra martinez,victor manuel corza vargas
azucena montes rendon,gerardo sierra martinez
azucena montes rendon,gerardo sierra martinez
azucena montes rendon,gerardo sierra martinez
beatriz aurora garro,katya rodriguez vazquez
beatriz aurora garro,katya rodriguez vazquez
beatriz aurora garro,katya rodriguez vazquez
beatriz aurora garro,elizabeth alma mancera galvan
beatriz aurora garro,katya rodriguez vazquez
elizabeth alma mancera galvan,katya rodriguez vazquez
boris escalante ramirez,francisco hernandez quiroz
boris escalante ramirez,hanna jadwiga oktaba
boris escalante ramirez,miguel ehecatl morales trujillo
francisco hernandez quiroz,hanna jadwiga oktaba
francisco hernandez quiroz,miguel ehecatl morales trujillo
hanna jadwiga oktaba,miguel ehecatl morales trujillo
boris escalante ramirez,jimena olveres montiel
boris escalante ramirez,vicente torres garcia
jimena olveres montiel,vicente torres garcia
boris escalante ramirez,jose abel herrera camacho
boris escalante ramirez,fernando arambula cosio
boris escalante ramirez,jimena olveres montiel
boris escalante ramirez,ernesto moya albor
boris escalante ramirez,ernesto moya albor
boris escalante ramirez,jimena olveres montiel
ernesto moya albor,jimena olveres montiel
boris escalante ramirez,fernando arambula cosio
boris escalante ramirez,lorena vargas quintero
fernando arambula cosio,lorena vargas quintero
boris escalante ramirez,maria del pilar angeles
boris escalante ramirez,miguel ehecatl morales trujillo
maria del pilar angeles,miguel ehecatl morales trujillo
boris escalante ramirez,hanna jadwiga oktaba
boris escalante ramirez,maria del pilar angeles
boris escalante ramirez,maria guadalupe elena ibarguengoitia gonzalez
boris escalante ramirez,miguel ehecatl morales trujillo
hanna jadwiga oktaba,maria del pilar angeles
hanna jadwiga oktaba,maria guadalupe elena ibarguengoitia gonzalez
hanna jadwiga oktaba,miguel ehecatl morales trujillo
maria del pilar angeles,maria guadalupe elena ibarguengoitia gonzalez
maria del pilar angeles,miguel ehecatl morales trujillo
maria guadalupe elena ibarguengoitia gonzalez,miguel ehecatl morales trujillo
boris escalante ramirez,jimena olveres montiel
boris escalante ramirez,carlos morales solares
boris escalante ramirez,gerardo sierra martinez
carlos morales solares,gerardo sierra martinez
boris escalante ramirez,jimena olveres montiel
boris escalante ramirez,leonardo ledesma dominguez
jimena olveres montiel,leonardo ledesma dominguez
carlos francisco mendez cruz,gerardo sierra martinez
carlos francisco mendez cruz,gerardo sierra martinez
carlos gershenson garcia,tom froese
carlos gershenson garcia,guillermo santamaria bonfil
carlos gershenson garcia,jorge luis zapotecatl
carlos gershenson garcia,eduardo robles belmont
carlos gershenson garcia,jesus mario siqueiros garcia
eduardo robles belmont,jesus mario siqueiros garcia
carlos gershenson garcia,hyobin kim
carlos gershenson garcia,hyobin kim
carlos gershenson garcia,omar karim pineda lopez
hyobin kim,omar karim pineda lopez
carlos gershenson garcia,jesus mario siqueiros garcia
carlos gershenson garcia,guillermo santamaria bonfil
carlos gershenson garcia,germinal cocho
carlos gershenson garcia,hyobin kim
carlos gershenson garcia,omar karim pineda lopez
hyobin kim,omar karim pineda lopez
carlos gershenson garcia,hyobin kim
carlos gershenson garcia,guillermo santamaria bonfil
carlos gershenson garcia,ewan colman
carlos gershenson garcia,gerardo iniguez
carlos gershenson garcia,germinal cocho
gerardo iniguez,germinal cocho
carlos gershenson garcia,hyobin kim
carlos gershenson garcia,omar karim pineda lopez
hyobin kim,omar karim pineda lopez
carlos gershenson garcia,david arturo rosenblueth laguette
carlos gershenson garcia,jorge luis zapotecatl
david arturo rosenblueth laguette,jorge luis zapotecatl
carlos gershenson garcia,hyobin kim
carlos gershenson garcia,hyobin kim
carlos gershenson garcia,omar karim pineda lopez
hyobin kim,omar karim pineda lopez
carlos gershenson garcia,gerardo iniguez
carlos gershenson garcia,germinal cocho
carlos gershenson garcia,jeronimo zizumbo
carlos gershenson garcia,jose antonio morales alvarez
gerardo iniguez,germinal cocho
gerardo iniguez,jeronimo zizumbo
gerardo iniguez,jose antonio morales alvarez
germinal cocho,jeronimo zizumbo
germinal cocho,jose antonio morales alvarez
jeronimo zizumbo,jose antonio morales alvarez
carlos gershenson garcia,jesus mario siqueiros garcia
carlos gershenson garcia,jorge luis zapotecatl
cesar dominguez velasco,juan salvador perez lomeli
cesar dominguez velasco,sergio teodoro vite
juan salvador perez lomeli,sergio teodoro vite
christopher rhodes stephens,helena gomez adorno
christopher rhodes stephens,david arturo rosenblueth laguette
christopher rhodes stephens,hugo flores huerta
christopher rhodes stephens,constantino gonzalez salazar
christopher rhodes stephens,victor sanchez cordero
constantino gonzalez salazar,victor sanchez cordero
christopher rhodes stephens,hugo flores huerta
christopher rhodes stephens,oliver lopez corona
christopher rhodes stephens,juan arturo herrera ortiz
christopher rhodes stephens,ruben fossion
david arturo rosenblueth laguette,jesus savage carmona
david arturo rosenblueth laguette,jesus savage carmona
david arturo rosenblueth laguette,jesus savage carmona
david arturo rosenblueth laguette,jesus savage carmona
demetrio fabian garcia nocetti,erik molino minero re
demetrio fabian garcia nocetti,fabian garcia nocetti
demetrio fabian garcia nocetti,hector benitez perez
erik molino minero re,fabian garcia nocetti
erik molino minero re,hector benitez perez
fabian garcia nocetti,hector benitez perez
demetrio fabian garcia nocetti,ernesto rubio acosta
demetrio fabian garcia nocetti,julio solano gonzalez
demetrio fabian garcia nocetti,martin fuentes cruz
ernesto rubio acosta,julio solano gonzalez
ernesto rubio acosta,martin fuentes cruz
julio solano gonzalez,martin fuentes cruz
edgar augusto torres gallegos,felipe orduna bustamante
edgar garduno angeles,eduardo lemus
edgar garduno angeles,ernesto bribiesca correa
eduardo lemus,ernesto bribiesca correa
elizabeth alma mancera galvan,katya rodriguez vazquez
elizabeth alma mancera galvan,katya rodriguez vazquez
ernst kussul,lucero roldan serrato
ernst kussul,tetyana baydyk
lucero roldan serrato,tetyana baydyk
ernst kussul,tetyana baydyk
fernanda lopez escobedo,julian solorzano soto
fernanda lopez escobedo,gerardo sierra martinez
fernanda lopez escobedo,julian solorzano soto
gerardo sierra martinez,julian solorzano soto
fernanda lopez escobedo,gerardo eugenio sierra martinez
fernanda lopez escobedo,julian solorzano soto
gerardo eugenio sierra martinez,julian solorzano soto
fernanda lopez escobedo,luis alberto pineda cortes
fernando alvarez barrios,jesus perez romero
fernando arambula cosio,jorge luis perez gonzalez
fernando arambula cosio,zian fanti
fernando arambula cosio,misael reyes lopez
flor alejandra romero montiel,katya rodriguez vazquez
flor alejandra romero montiel,katya rodriguez vazquez
francisco garcia jimenez,francisco garcia ugalde
francisco garcia jimenez,francisco garcia ugalde
francisco garcia jimenez,javier gomez castellanos
francisco garcia jimenez,victor rangel licea
francisco garcia ugalde,javier gomez castellanos
francisco garcia ugalde,victor rangel licea
javier gomez castellanos,victor rangel licea
francisco garcia jimenez,francisco garcia ugalde
francisco garcia jimenez,francisco garcia ugalde
francisco garcia jimenez,francisco garcia ugalde
francisco garcia jimenez,francisco garcia ugalde
francisco garcia jimenez,javier gomez castellanos
francisco garcia jimenez,victor rangel licea
francisco garcia ugalde,javier gomez castellanos
francisco garcia ugalde,victor rangel licea
javier gomez castellanos,victor rangel licea
francisco garcia jimenez,francisco garcia ugalde
francisco garcia jimenez,javier gomez castellanos
francisco garcia jimenez,michael pascoe chalke
francisco garcia jimenez,victor rangel licea
francisco garcia ugalde,javier gomez castellanos
francisco garcia ugalde,michael pascoe chalke
francisco garcia ugalde,victor rangel licea
javier gomez castellanos,michael pascoe chalke
javier gomez castellanos,victor rangel licea
michael pascoe chalke,victor rangel licea
francisco garcia jimenez,francisco garcia ugalde
francisco garcia jimenez,francisco garcia ugalde
francisco garcia jimenez,francisco garcia ugalde
franklenin sierra,tom froese
gemma bel enguix,gerardo sierra martinez
gemma bel enguix,helena gomez adorno
gerardo sierra martinez,helena gomez adorno
gemma bel enguix,gerardo sierra martinez
gemma bel enguix,javier gomez castellanos
gerardo sierra martinez,javier gomez castellanos
gemma bel enguix,gerardo sierra martinez
gemma bel enguix,helena gomez adorno
gerardo sierra martinez,helena gomez adorno
gemma bel enguix,gerardo sierra martinez
gemma bel enguix,helena gomez adorno
gerardo sierra martinez,helena gomez adorno
gemma bel enguix,gerardo sierra martinez
gemma bel enguix,helena gomez adorno
gemma bel enguix,helena gomez adorno
gemma bel enguix,gerardo sierra martinez
gemma bel enguix,helena gomez adorno
gerardo sierra martinez,helena gomez adorno
gemma bel enguix,gerardo sierra martinez
gemma bel enguix,gerardo sierra martinez
gemma bel enguix,gerardo sierra martinez
gemma bel enguix,gerardo sierra martinez
gemma bel enguix,gerardo eugenio sierra martinez
gemma bel enguix,helena gomez adorno
gerardo eugenio sierra martinez,helena gomez adorno
gemma bel enguix,helena gomez adorno
gemma bel enguix,gerardo sierra martinez
gemma bel enguix,helena gomez adorno
gerardo sierra martinez,helena gomez adorno
gemma bel enguix,gerardo sierra martinez
gemma bel enguix,helena gomez adorno
gerardo sierra martinez,helena gomez adorno
gemma bel enguix,helena gomez adorno
gemma bel enguix,gerardo eugenio sierra martinez
gemma bel enguix,gerardo eugenio sierra martinez
gemma bel enguix,helena gomez adorno
gerardo eugenio sierra martinez,helena gomez adorno
gemma bel enguix,gerardo sierra martinez
gemma bel enguix,helena gomez adorno
gerardo sierra martinez,helena gomez adorno
georgina montserrat resendiz benhumea,tom froese
georgina montserrat resendiz benhumea,tom froese
gerardo sierra martinez,julian solorzano soto
gerardo sierra martinez,helena gomez adorno
hanna jadwiga oktaba,juana patlan perez
hanna jadwiga oktaba,miguel ehecatl morales trujillo
hanna jadwiga oktaba,helena gomez adorno
hanna jadwiga oktaba,helena gomez adorno
hanna jadwiga oktaba,miguel ehecatl morales trujillo
hanna jadwiga oktaba,miguel ehecatl morales trujillo
hanna jadwiga oktaba,miguel ehecatl morales trujillo
hector benitez perez,jose angel hermosillo gomez
hector benitez perez,magali arellano vazquez
iwin leenen,tom froese
javier garcia garcia,javier garcia garcia
javier garcia garcia,javier garcia garcia
javier garcia garcia,javier garcia garcia
javier garcia garcia,javier garcia garcia
javier garcia garcia,javier garcia garcia
javier garcia garcia,javier garcia garcia
javier garcia garcia,javier garcia garcia
javier garcia garcia,javier garcia garcia
javier garcia garcia,javier garcia garcia
javier garcia garcia,javier garcia garcia
javier garcia garcia,javier garcia garcia
javier garcia garcia,javier garcia garcia
javier garcia garcia,javier garcia garcia
javier garcia garcia,javier garcia garcia
javier garcia garcia,javier garcia garcia
javier gomez castellanos,jose jaime camacho escoto
javier gomez castellanos,martha montes de oca
jose jaime camacho escoto,martha montes de oca
jesus savage carmona,jorge luis ortega arjona
jonathan rodriguez andrade,jose luis gordillo
jorge luis ortega arjona,lourdes del carmen gonzalez huesca
jorge luis perez gonzalez,nidiyare hevia montiel
jorge urrutia galicia,jose david flores penaloza
jorge urrutia galicia,juan carlos catana salazar
jorge urrutia galicia,mazay jimenez salinas
juan carlos catana salazar,mazay jimenez salinas
jorge urrutia galicia,jose david flores penaloza
jorge urrutia galicia,jose david flores penaloza
jorge urrutia galicia,jose david flores penaloza
jorge urrutia galicia,jose david flores penaloza
jorge urrutia galicia,jose david flores penaloza
jorge urrutia galicia,juan carlos catana salazar
jorge urrutia galicia,mazay jimenez salinas
juan carlos catana salazar,mazay jimenez salinas
linda rosa manzanilla,tom froese
luis duran arenas,malaquias lopez cervantes
martin fuentes cruz,monica vazquez hernandez
martin fuentes cruz,pedro acevedo contla
monica vazquez hernandez,pedro acevedo contla
monica vazquez hernandez,pedro acevedo contla
monica vazquez hernandez,pedro acevedo contla
raul aquino santos,victor rangel licea
susana gomez gomez,susana gomez gomez
susana gomez gomez,susana gomez gomez
tom froese,ximena gonzalez grandon
